"","year","month","weekday","day","hour","weidu","jingdu","shendu","zhenji","diming","sheng","shi","qu","fujin.1","jingqu","dujiacun","chanyeyuan","louyu","jiudian","gongsi","gongchang","nongye","zhuzhai","shichang","shangyejie","yiyuan","xuexiao","wenhua"
"1",1971,3,"星期二",16,23,30.6,119.3,0,3.8,NA,"浙江省","湖州市","安吉县",0,0,0,0,0,0,0,0,0,0,0,0,0,0,0
"2",1975,4,"星期一",28,14,29.42,121.13,0,2.1,NA,"浙江省","绍兴市","新昌县",1,1,0,0,0,0,0,0,0,0,0,0,0,1,0
"3",1976,2,"星期六",14,16,28.75,120.4,0,2.3,NA,"浙江省","台州市","仙居县",0,0,0,0,0,0,0,0,0,0,0,0,0,0,0
"4",1976,3,"星期二",30,13,28.65,121.32,0,2.4,NA,"浙江省","台州市","黄岩区",13,13,2,0,0,0,0,8,0,3,0,0,3,12,0
"5",1976,9,"星期三",15,23,30.15,120.32,0,2.4,NA,"浙江省","杭州市","萧山区",9,9,0,5,4,4,0,21,0,12,0,0,14,13,1
"6",1976,10,"星期一",18,10,29.67,122.17,0,2,NA,"浙江省","舟山市","普陀区",1,1,0,0,0,0,0,1,0,0,0,0,1,0,0
"7",1976,11,"星期三",24,12,28.5,120.1,0,2.1,NA,"浙江省","丽水市","莲都区",0,0,0,0,0,0,0,0,0,0,0,0,0,0,0
"8",1977,2,"星期一",7,13,29.9,119.7,0,2.6,NA,"浙江省","杭州市","富阳区",1,1,0,0,0,0,0,0,0,0,0,0,2,2,0
"9",1977,4,"星期五",15,6,30.37,120.4,0,2.7,NA,"浙江省","嘉兴市","海宁市",1,1,0,9,3,1,0,4,0,19,1,0,2,4,0
"10",1977,5,"星期四",19,11,29.9,121.8,0,2.4,NA,"浙江省","宁波市","北仑区",3,3,0,16,13,9,0,22,0,30,1,0,11,30,4
"11",1977,6,"星期日",5,9,29.65,119,0,2.1,NA,"浙江省","杭州市","淳安县",0,0,0,0,0,0,0,2,0,0,0,0,0,0,0
"12",1977,9,"星期一",19,15,30.1,119.3,0,2,NA,"浙江省","杭州市","临安市",0,0,1,0,0,0,0,0,0,0,0,0,0,0,0
"13",1977,11,"星期六",5,2,30.2,121.22,0,3.6,NA,"浙江省","宁波市","慈溪市",5,5,0,5,5,1,0,21,0,30,0,0,16,30,8
"14",1978,6,"星期五",2,16,30.87,120.85,9,2.3,NA,"浙江省","嘉兴市","嘉善县",0,0,0,1,1,0,0,6,0,1,0,0,0,0,0
"15",1978,6,"星期二",6,4,29.88,119.42,0,3.3,NA,"浙江省","杭州市","桐庐县",0,0,0,0,0,0,0,0,0,0,0,0,1,2,0
"16",1978,7,"星期四",27,16,29.9,121.9,0,2.2,NA,"浙江省","宁波市","北仑区",2,2,1,7,0,0,0,9,0,4,0,0,4,6,0
"17",1979,5,"星期六",19,14,30.2,120.12,0,2.2,NA,"浙江省","杭州市","西湖区",30,30,5,5,5,19,0,1,0,26,1,0,6,11,15
"18",1979,10,"星期日",7,14,28.58,118.92,0,3.4,NA,"浙江省","丽水市","遂昌县",0,0,0,0,0,0,0,0,0,0,0,0,0,0,0
"19",1980,8,"星期三",13,9,27.53,119,0,2.3,NA,"浙江省","丽水市","庆元县",0,0,0,0,0,0,0,0,0,0,0,0,2,1,1
"20",1982,4,"星期一",26,5,29,120.6,0,2.1,NA,"浙江省","金华市","磐安县",0,0,0,0,0,0,0,0,0,0,0,0,0,0,0
"21",1982,5,"星期六",22,23,28.58,118.95,0,3.2,NA,"浙江省","丽水市","遂昌县",1,1,1,0,0,0,0,0,0,0,0,0,0,0,0
"22",1982,6,"星期六",19,14,28.58,118.92,2,2,NA,"浙江省","丽水市","遂昌县",0,0,0,0,0,0,0,0,0,0,0,0,0,0,0
"23",1982,12,"星期四",16,20,29.6,120.7,0,2.5,NA,"浙江省","绍兴市","嵊州市",1,1,1,0,1,0,0,5,1,1,0,0,2,3,0
"24",1982,12,"星期三",22,16,29.8,120.6,0,2.5,NA,"浙江省","绍兴市","柯桥区",1,1,1,0,1,0,0,0,0,0,0,0,1,3,0
"25",1983,3,"星期五",11,4,29.8,121.4,0,2.1,NA,"浙江省","宁波市","海曙区",7,7,0,4,0,1,0,13,0,14,3,0,10,8,1
"26",1983,3,"星期二",15,20,30,119.6,0,2.2,NA,"浙江省","杭州市","富阳区",2,2,0,0,0,0,0,0,0,0,0,0,1,0,0
"27",1983,6,"星期二",28,19,28.57,118.92,0,2.8,NA,"浙江省","丽水市","遂昌县",0,0,0,0,0,0,0,0,0,0,0,0,0,0,0
"28",1983,7,"星期三",20,13,30.2,121,0,2.1,NA,"浙江省","宁波市","余姚市",0,0,0,0,1,0,0,6,1,1,1,0,5,4,0
"29",1983,9,"星期四",22,13,30.3,121.1,0,2,NA,"浙江省","宁波市","慈溪市",0,0,0,0,0,0,0,0,0,0,0,0,0,0,0
"30",1983,9,"星期四",29,12,30.3,121.1,0,2.4,NA,"浙江省","宁波市","慈溪市",0,0,0,0,0,0,0,0,0,0,0,0,0,0,0
"31",1984,6,"星期一",18,13,30.62,119.9,15,2.8,NA,"浙江省","湖州市","德清县",13,13,1,0,0,1,0,0,0,2,0,0,0,2,0
"32",1984,6,"星期一",25,23,30.6,119.87,14,2.9,NA,"浙江省","湖州市","德清县",30,30,4,0,0,13,0,0,0,3,0,0,0,0,1
"33",1984,7,"星期五",6,12,29.85,121.38,16,2.8,NA,"浙江省","宁波市","海曙区",7,7,2,2,1,1,0,8,1,13,0,0,7,5,0
"34",1987,2,"星期一",16,8,30,121.2,0,2.5,NA,"浙江省","宁波市","余姚市",4,4,0,2,0,1,0,22,0,7,0,0,4,8,0
"35",1987,12,"星期六",12,21,29.48,119.27,0,2.2,NA,"浙江省","杭州市","建德市",3,3,1,0,30,14,0,0,0,30,1,0,13,30,10
"36",1988,4,"星期五",22,13,30.85,120.12,0,2,NA,"浙江省","湖州市","吴兴区",21,21,0,1,30,11,0,8,0,30,1,1,30,30,11
"37",1988,8,"星期四",11,9,27.93,120.67,0,2.2,NA,"浙江省","温州市","瓯海区",30,30,1,13,9,2,0,15,0,29,1,0,8,30,3
"38",1989,3,"星期六",11,12,30.27,120.43,0,2.2,NA,"浙江省","杭州市","萧山区",18,18,1,1,0,0,0,30,0,17,2,0,11,15,2
"39",1992,7,"星期五",3,15,29.33,120.72,0,2.3,NA,"浙江省","绍兴市","新昌县",0,0,0,0,0,0,0,0,0,0,0,0,0,0,0
"40",1992,7,"星期五",3,16,29.37,120.75,5,3.3,NA,"浙江省","绍兴市","新昌县",1,1,0,0,0,0,0,0,0,0,0,0,0,0,0
"41",1993,2,"星期二",2,21,29.62,120,0,2.3,NA,"浙江省","金华市","浦江县",2,2,0,0,0,0,0,1,0,0,0,0,1,3,0
"42",1993,2,"星期四",18,12,29.85,121.25,0,2.3,NA,"浙江省","宁波市","海曙区",2,2,0,0,0,0,0,0,0,0,0,0,2,1,0
"43",1993,2,"星期二",23,0,29.87,121.23,0,2.5,NA,"浙江省","宁波市","余姚市",2,2,1,0,0,0,0,0,0,0,0,0,5,4,0
"44",1993,2,"星期二",23,1,29.83,121.25,0,2.6,NA,"浙江省","宁波市","海曙区",5,5,0,0,0,0,0,2,0,0,0,0,0,1,0
"45",1993,2,"星期五",26,6,29.83,121.27,8,3.6,NA,"浙江省","宁波市","海曙区",5,5,0,0,0,0,0,1,0,0,0,0,0,2,1
"46",1993,2,"星期五",26,12,29.87,121.23,8,3.9,NA,"浙江省","宁波市","余姚市",2,2,1,0,0,0,0,0,0,0,0,0,5,4,0
"47",1993,2,"星期五",26,12,29.85,121.25,0,2,NA,"浙江省","宁波市","海曙区",2,2,0,0,0,0,0,0,0,0,0,0,2,1,0
"48",1993,3,"星期一",1,12,29.83,121.25,8,3.1,NA,"浙江省","宁波市","海曙区",5,5,0,0,0,0,0,2,0,0,0,0,0,1,0
"49",1993,3,"星期四",4,6,29.88,121.23,3,3.4,NA,"浙江省","宁波市","余姚市",2,2,1,0,0,0,0,0,0,0,1,0,5,4,0
"50",1993,3,"星期四",4,14,29.85,121.25,5,2.3,NA,"浙江省","宁波市","海曙区",2,2,0,0,0,0,0,0,0,0,0,0,2,1,0
"51",1993,3,"星期四",4,18,29.82,121.23,0,2.6,NA,"浙江省","宁波市","海曙区",4,4,0,0,0,0,0,1,0,0,0,0,1,0,0
"52",1993,3,"星期六",6,3,29.83,121.25,0,2,NA,"浙江省","宁波市","海曙区",5,5,0,0,0,0,0,2,0,0,0,0,0,1,0
"53",1993,3,"星期六",6,6,29.83,121.25,0,2,NA,"浙江省","宁波市","海曙区",5,5,0,0,0,0,0,2,0,0,0,0,0,1,0
"54",1993,3,"星期四",18,23,29.83,121.25,0,2.7,NA,"浙江省","宁波市","海曙区",5,5,0,0,0,0,0,2,0,0,0,0,0,1,0
"55",1993,3,"星期二",23,18,29.85,121.23,0,2,NA,"浙江省","宁波市","余姚市",5,5,0,0,0,0,0,1,0,0,0,0,3,2,0
"56",1993,3,"星期四",25,19,29.85,121.25,0,2.2,NA,"浙江省","宁波市","海曙区",2,2,0,0,0,0,0,0,0,0,0,0,2,1,0
"57",1993,3,"星期六",27,5,29.82,121.25,0,2.9,NA,"浙江省","宁波市","海曙区",4,4,0,0,0,0,0,1,0,0,0,0,1,1,0
"58",1993,3,"星期六",27,5,29.82,121.27,0,2.1,NA,"浙江省","宁波市","海曙区",7,7,0,0,0,0,0,1,0,0,0,0,0,2,1
"59",1993,4,"星期三",21,5,29.83,121.25,0,2.5,NA,"浙江省","宁波市","海曙区",5,5,0,0,0,0,0,2,0,0,0,0,0,1,0
"60",1993,7,"星期五",30,11,29.78,121.27,0,2.3,NA,"浙江省","宁波市","海曙区",5,5,0,0,0,2,0,0,0,0,0,0,1,0,0
"61",1993,8,"星期二",3,12,29.87,121.23,0,3.5,NA,"浙江省","宁波市","余姚市",2,2,1,0,0,0,0,0,0,0,0,0,5,4,0
"62",1993,8,"星期四",5,21,29.85,121.23,0,2.3,NA,"浙江省","宁波市","余姚市",5,5,0,0,0,0,0,1,0,0,0,0,3,2,0
"63",1993,8,"星期五",27,14,29.88,121.22,0,3.2,NA,"浙江省","宁波市","余姚市",2,2,1,0,0,0,0,0,0,0,1,0,4,4,0
"64",1993,9,"星期六",4,20,29.68,121.6,0,2.4,NA,"浙江省","宁波市","鄞州区",12,12,0,1,0,0,0,5,0,0,0,0,2,1,0
"65",1993,10,"星期日",24,8,29.83,121.27,0,3.2,NA,"浙江省","宁波市","海曙区",5,5,0,0,0,0,0,1,0,0,0,0,0,2,1
"66",1994,6,"星期三",22,3,29.85,121.23,0,2.1,NA,"浙江省","宁波市","余姚市",5,5,0,0,0,0,0,1,0,0,0,0,3,2,0
"67",1994,9,"星期三",7,11,29.85,121.23,0,2.3,NA,"浙江省","宁波市","余姚市",5,5,0,0,0,0,0,1,0,0,0,0,3,2,0
"68",1994,9,"星期三",7,11,29.82,121.25,15,4.7,NA,"浙江省","宁波市","海曙区",4,4,0,0,0,0,0,1,0,0,0,0,1,1,0
"69",1994,9,"星期三",7,14,29.82,121.27,0,3.1,NA,"浙江省","宁波市","海曙区",7,7,0,0,0,0,0,1,0,0,0,0,0,2,1
"70",1994,9,"星期四",8,17,29.85,121.23,0,2.4,NA,"浙江省","宁波市","余姚市",5,5,0,0,0,0,0,1,0,0,0,0,3,2,0
"71",1994,9,"星期五",9,0,29.82,121.25,0,2.7,NA,"浙江省","宁波市","海曙区",4,4,0,0,0,0,0,1,0,0,0,0,1,1,0
"72",1994,9,"星期五",9,0,29.82,121.23,0,2.1,NA,"浙江省","宁波市","海曙区",4,4,0,0,0,0,0,1,0,0,0,0,1,0,0
"73",1994,9,"星期五",9,5,29.85,121.23,0,2.2,NA,"浙江省","宁波市","余姚市",5,5,0,0,0,0,0,1,0,0,0,0,3,2,0
"74",1994,9,"星期六",10,1,29.82,121.23,0,2.6,NA,"浙江省","宁波市","海曙区",4,4,0,0,0,0,0,1,0,0,0,0,1,0,0
"75",1994,9,"星期四",15,18,29.85,121.25,0,2.9,NA,"浙江省","宁波市","海曙区",2,2,0,0,0,0,0,0,0,0,0,0,2,1,0
"76",1994,10,"星期一",3,20,29.83,121.23,0,2.7,NA,"浙江省","宁波市","海曙区",3,3,0,0,0,0,0,1,0,0,0,0,1,0,0
"77",1994,10,"星期五",14,9,29.83,121.25,0,2.9,NA,"浙江省","宁波市","海曙区",5,5,0,0,0,0,0,2,0,0,0,0,0,1,0
"78",1994,11,"星期一",7,3,29.85,121.25,0,2.2,NA,"浙江省","宁波市","海曙区",2,2,0,0,0,0,0,0,0,0,0,0,2,1,0
"79",1994,12,"星期六",31,16,29.85,121.23,0,2.7,NA,"浙江省","宁波市","余姚市",5,5,0,0,0,0,0,1,0,0,0,0,3,2,0
"80",1995,1,"星期日",1,7,29.83,121.25,0,2.1,NA,"浙江省","宁波市","海曙区",5,5,0,0,0,0,0,2,0,0,0,0,0,1,0
"81",1995,1,"星期三",18,8,29.85,121.23,0,2.1,NA,"浙江省","宁波市","余姚市",5,5,0,0,0,0,0,1,0,0,0,0,3,2,0
"82",1995,2,"星期日",5,3,29.83,121.23,0,3.1,NA,"浙江省","宁波市","海曙区",3,3,0,0,0,0,0,1,0,0,0,0,1,0,0
"83",1995,2,"星期一",6,20,29.85,121.22,0,2.3,NA,"浙江省","宁波市","余姚市",6,6,1,0,0,0,0,1,0,0,0,0,2,2,0
"84",1995,2,"星期二",7,2,29.83,121.22,0,2.4,NA,"浙江省","宁波市","海曙区",4,4,0,0,0,0,0,1,0,0,0,0,1,0,0
"85",1995,2,"星期二",7,2,29.87,121.25,0,2.9,NA,"浙江省","宁波市","海曙区",1,1,0,0,0,0,0,0,0,0,0,0,3,1,0
"86",1995,2,"星期四",9,3,29.87,121.25,0,2.3,NA,"浙江省","宁波市","海曙区",1,1,0,0,0,0,0,0,0,0,0,0,3,1,0
"87",1995,2,"星期五",10,8,29.83,121.23,0,2.2,NA,"浙江省","宁波市","海曙区",3,3,0,0,0,0,0,1,0,0,0,0,1,0,0
"88",1995,2,"星期三",15,8,29.83,121.23,0,2.2,NA,"浙江省","宁波市","海曙区",3,3,0,0,0,0,0,1,0,0,0,0,1,0,0
"89",1995,2,"星期三",15,17,29.83,121.22,0,2.5,NA,"浙江省","宁波市","海曙区",4,4,0,0,0,0,0,1,0,0,0,0,1,0,0
"90",1995,4,"星期六",1,7,29.85,121.23,0,2.7,NA,"浙江省","宁波市","余姚市",5,5,0,0,0,0,0,1,0,0,0,0,3,2,0
"91",1995,4,"星期六",1,7,29.85,121.22,0,2.1,NA,"浙江省","宁波市","余姚市",6,6,1,0,0,0,0,1,0,0,0,0,2,2,0
"92",1995,5,"星期三",3,11,29.83,121.22,0,2.2,NA,"浙江省","宁波市","海曙区",4,4,0,0,0,0,0,1,0,0,0,0,1,0,0
"93",1995,6,"星期二",27,23,29.82,121.25,0,2.6,NA,"浙江省","宁波市","海曙区",4,4,0,0,0,0,0,1,0,0,0,0,1,1,0
"94",1996,2,"星期四",8,5,29.83,121.23,0,2.8,NA,"浙江省","宁波市","海曙区",3,3,0,0,0,0,0,1,0,0,0,0,1,0,0
"95",1996,11,"星期六",16,16,29.84,121.25,0,2.3,NA,"浙江省","宁波市","海曙区",4,4,0,0,0,0,0,2,0,0,0,0,1,0,0
"96",1996,12,"星期日",15,5,29.84,121.22,0,2.5,NA,"浙江省","宁波市","海曙区",5,5,0,0,0,0,0,1,0,0,0,0,2,1,0
"97",1998,2,"星期二",24,8,27.56,119.14,0,2.4,NA,"浙江省","丽水市","庆元县",0,0,0,0,0,0,0,0,0,0,0,0,0,0,0
"98",1998,2,"星期二",24,12,27.59,119.14,0,3.6,NA,"浙江省","丽水市","庆元县",0,0,0,0,0,0,0,0,0,0,0,0,0,1,0
"99",1998,6,"星期二",2,17,29.5,120.81,0,3.3,NA,"浙江省","绍兴市","新昌县",3,3,0,1,0,1,0,3,0,2,0,0,1,3,0
"100",1998,6,"星期二",2,20,29.5,120.81,0,2.6,NA,"浙江省","绍兴市","新昌县",3,3,0,1,0,1,0,3,0,2,0,0,1,3,0
"101",1998,7,"星期五",10,17,29.89,121.22,0,2.3,NA,"浙江省","宁波市","余姚市",0,0,1,0,0,0,0,0,0,0,1,0,2,3,0
"102",1998,8,"星期一",17,1,29.55,120.84,10,4.5,NA,"浙江省","绍兴市","嵊州市",2,2,0,5,13,1,0,4,1,15,0,0,8,22,1
"103",1998,8,"星期四",20,5,29.54,120.82,0,2.4,NA,"浙江省","绍兴市","嵊州市",2,2,0,6,7,0,0,3,1,6,1,0,3,10,1
"104",1998,10,"星期二",6,12,29.87,121.24,0,2.1,NA,"浙江省","宁波市","余姚市",1,1,1,0,0,0,0,0,0,0,0,0,3,2,0
"105",1998,10,"星期三",7,8,29.8,121.34,0,2,NA,"浙江省","宁波市","海曙区",9,9,0,0,0,0,0,9,0,2,1,0,1,3,0
"106",1999,1,"星期四",7,17,29.84,121.25,0,2.5,NA,"浙江省","宁波市","海曙区",4,4,0,0,0,0,0,2,0,0,0,0,1,0,0
"107",1999,6,"星期一",28,12,29.85,121.22,0,2.3,NA,"浙江省","宁波市","余姚市",6,6,1,0,0,0,0,1,0,0,0,0,2,2,0
"108",1999,7,"星期五",30,4,29.8,121.32,0,2,NA,"浙江省","宁波市","海曙区",10,10,1,0,0,0,0,9,0,0,1,0,1,4,1
"109",1999,12,"星期日",26,14,29.85,121.22,0,2.2,NA,"浙江省","宁波市","余姚市",6,6,1,0,0,0,0,1,0,0,0,0,2,2,0
"110",2000,2,"星期日",20,2,29.7,121.59,14,2,NA,"浙江省","宁波市","鄞州区",10,10,0,1,0,0,0,17,0,6,0,0,5,7,1
"111",2000,3,"星期四",2,12,29.52,120.84,10,2,NA,"浙江省","绍兴市","新昌县",8,8,1,8,4,4,0,0,1,29,1,0,4,12,1
"112",2000,3,"星期四",30,21,29.65,121.57,10,2.4,NA,"浙江省","宁波市","鄞州区",6,6,0,1,0,0,0,11,0,1,0,0,3,1,0
"113",2002,7,"星期五",5,0,30.9,119.57,10,2.1,NA,"浙江省","湖州市","长兴县",1,1,0,0,0,0,0,0,0,0,0,0,0,0,0
"114",2002,7,"星期一",8,13,30.28,119.28,10,2,NA,"浙江省","杭州市","临安市",0,0,0,0,0,0,0,0,0,0,0,0,0,1,0
"115",2002,7,"星期日",28,19,27.73,119.98,5,3.5,NA,"浙江省","温州市","文成县",0,0,0,0,0,0,0,0,0,0,0,0,0,0,0
"116",2002,7,"星期日",28,19,27.7,119.97,0,2.1,NA,"浙江省","温州市","文成县",0,0,0,0,0,0,0,0,0,0,0,0,0,0,0
"117",2002,7,"星期日",28,19,27.7,119.98,0,2.8,NA,"浙江省","温州市","文成县",0,0,0,0,0,0,0,0,0,0,0,0,0,0,0
"118",2002,7,"星期日",28,22,27.67,119.98,0,2.1,NA,"浙江省","温州市","泰顺县",0,0,0,0,0,0,0,0,0,0,0,0,0,0,0
"119",2002,7,"星期一",29,0,27.7,119.97,0,2.3,NA,"浙江省","温州市","文成县",0,0,0,0,0,0,0,0,0,0,0,0,0,0,0
"120",2002,7,"星期二",30,17,27.68,119.98,0,2.2,NA,"浙江省","温州市","泰顺县",0,0,0,0,0,0,0,0,0,0,0,0,0,0,0
"121",2002,7,"星期三",31,0,27.68,119.98,0,2.5,NA,"浙江省","温州市","泰顺县",0,0,0,0,0,0,0,0,0,0,0,0,0,0,0
"122",2002,7,"星期三",31,4,27.68,119.98,0,2.2,NA,"浙江省","温州市","泰顺县",0,0,0,0,0,0,0,0,0,0,0,0,0,0,0
"123",2002,7,"星期三",31,12,27.67,119.98,0,2.2,NA,"浙江省","温州市","泰顺县",0,0,0,0,0,0,0,0,0,0,0,0,0,0,0
"124",2002,8,"星期五",2,20,27.7,119.98,0,2.4,NA,"浙江省","温州市","文成县",0,0,0,0,0,0,0,0,0,0,0,0,0,0,0
"125",2002,8,"星期六",3,3,27.67,120,0,2,NA,"浙江省","温州市","文成县",0,0,0,0,0,0,0,0,0,0,0,0,1,0,0
"126",2002,8,"星期一",5,19,30.43,120.33,10,2.2,NA,"浙江省","杭州市","余杭区",7,7,0,11,30,11,0,2,0,30,1,2,8,30,6
"127",2002,8,"星期三",7,4,27.7,119.97,5,3.3,NA,"浙江省","温州市","文成县",0,0,0,0,0,0,0,0,0,0,0,0,0,0,0
"128",2002,8,"星期三",7,5,27.7,119.97,6,3,NA,"浙江省","温州市","文成县",0,0,0,0,0,0,0,0,0,0,0,0,0,0,0
"129",2002,8,"星期三",7,13,27.62,119.13,0,2.2,NA,"浙江省","丽水市","庆元县",0,0,0,0,0,0,0,0,0,0,0,0,0,1,0
"130",2002,8,"星期三",7,15,27.62,119.13,8,2.7,NA,"浙江省","丽水市","庆元县",0,0,0,0,0,0,0,0,0,0,0,0,0,1,0
"131",2002,8,"星期五",9,6,27.62,119.15,7,3.2,NA,"浙江省","丽水市","庆元县",0,0,0,0,0,0,0,0,0,0,0,0,0,1,0
"132",2002,8,"星期日",18,22,27.68,119.98,0,2.2,NA,"浙江省","温州市","泰顺县",0,0,0,0,0,0,0,0,0,0,0,0,0,0,0
"133",2002,8,"星期五",30,16,27.68,119.98,0,2.6,NA,"浙江省","温州市","泰顺县",0,0,0,0,0,0,0,0,0,0,0,0,0,0,0
"134",2002,9,"星期四",5,12,27.68,119.98,7,3.9,NA,"浙江省","温州市","泰顺县",0,0,0,0,0,0,0,0,0,0,0,0,0,0,0
"135",2002,9,"星期四",5,14,27.68,119.98,8,2.6,NA,"浙江省","温州市","泰顺县",0,0,0,0,0,0,0,0,0,0,0,0,0,0,0
"136",2002,9,"星期四",5,20,27.7,119.98,0,2.5,NA,"浙江省","温州市","文成县",0,0,0,0,0,0,0,0,0,0,0,0,0,0,0
"137",2002,9,"星期四",5,23,27.68,119.98,0,2.4,NA,"浙江省","温州市","泰顺县",0,0,0,0,0,0,0,0,0,0,0,0,0,0,0
"138",2002,9,"星期五",6,2,27.7,119.98,7,2.9,NA,"浙江省","温州市","文成县",0,0,0,0,0,0,0,0,0,0,0,0,0,0,0
"139",2002,9,"星期六",7,20,27.7,119.98,7,2.9,NA,"浙江省","温州市","文成县",0,0,0,0,0,0,0,0,0,0,0,0,0,0,0
"140",2002,11,"星期二",12,15,27.68,119.98,0,2.6,NA,"浙江省","温州市","泰顺县",0,0,0,0,0,0,0,0,0,0,0,0,0,0,0
"141",2002,11,"星期三",13,13,27.68,119.98,0,2.1,NA,"浙江省","温州市","泰顺县",0,0,0,0,0,0,0,0,0,0,0,0,0,0,0
"142",2002,11,"星期三",13,13,27.67,119.98,0,2.1,NA,"浙江省","温州市","泰顺县",0,0,0,0,0,0,0,0,0,0,0,0,0,0,0
"143",2002,11,"星期五",29,11,27.7,119.98,8,2.8,NA,"浙江省","温州市","文成县",0,0,0,0,0,0,0,0,0,0,0,0,0,0,0
"144",2003,1,"星期三",29,0,29.87,121.23,7,2,NA,"浙江省","宁波市","余姚市",2,2,1,0,0,0,0,0,0,0,0,0,5,4,0
"145",2003,3,"星期六",15,13,27.75,119.3,6,2.8,NA,"浙江省","丽水市","庆元县",0,0,0,0,0,0,0,0,0,0,0,0,0,0,0
"146",2003,6,"星期二",17,23,29.55,120.82,11,2.2,NA,"浙江省","绍兴市","嵊州市",1,1,0,3,14,1,0,4,1,22,1,0,7,20,1
"147",2003,9,"星期四",4,5,31.05,119.83,0,2.1,NA,"浙江省","湖州市","长兴县",1,1,0,0,1,0,0,1,0,0,0,0,1,2,0
"148",2003,11,"星期三",19,11,30.57,119.33,10,2.3,NA,"浙江省","湖州市","安吉县",0,0,0,0,0,0,0,1,0,0,0,0,0,0,0
"149",2004,2,"星期六",28,22,27.93,119.07,10,2.5,NA,"浙江省","丽水市","龙泉市",0,0,0,0,0,0,0,1,0,0,0,0,0,0,0
"150",2005,1,"星期六",22,15,27.68,119.97,9,2.2,NA,"浙江省","温州市","泰顺县",0,0,0,0,0,0,0,0,0,0,0,0,0,0,0
"151",2005,1,"星期三",26,11,27.68,119.98,4,2.1,NA,"浙江省","温州市","泰顺县",0,0,0,0,0,0,0,0,0,0,0,0,0,0,0
"152",2005,6,"星期五",10,20,30.3,120.65,10,2.1,NA,"浙江省","杭州市","萧山区",0,0,1,0,0,0,0,0,0,0,0,0,0,1,0
"153",2005,7,"星期日",17,0,29.93,119.17,10,2.3,NA,"浙江省","杭州市","淳安县",0,0,0,0,0,0,0,0,0,0,0,0,0,1,0
"154",2005,7,"星期日",17,5,29.95,119.17,10,2.3,NA,"浙江省","杭州市","淳安县",0,0,0,0,0,0,0,0,0,0,0,0,0,0,0
"155",2005,8,"星期六",27,22,27.65,120.02,5,2.1,NA,"浙江省","温州市","文成县",1,1,0,0,0,0,0,0,0,0,0,0,2,0,0
"156",2005,8,"星期二",30,20,30.32,120.25,13,2.1,NA,"浙江省","杭州市","江干区",10,10,1,21,30,12,0,30,0,30,2,0,20,30,7
"157",2006,2,"星期六",4,4,27.67,120.02,6,3.5,NA,"浙江省","温州市","文成县",2,2,0,0,0,0,0,0,0,0,0,0,0,0,0
"158",2006,2,"星期六",4,5,27.68,120,4,3,NA,"浙江省","温州市","文成县",0,0,0,0,0,0,0,0,0,0,0,0,0,0,0
"159",2006,2,"星期六",4,5,27.68,120.02,6,3.9,NA,"浙江省","温州市","文成县",1,1,0,0,0,0,0,0,0,0,0,0,0,0,0
"160",2006,2,"星期六",4,11,27.67,120,5,4.2,NA,"浙江省","温州市","文成县",0,0,0,0,0,0,0,0,0,0,0,0,1,0,0
"161",2006,2,"星期六",4,16,27.67,120,5,3.4,NA,"浙江省","温州市","文成县",0,0,0,0,0,0,0,0,0,0,0,0,1,0,0
"162",2006,2,"星期六",4,16,27.68,120,7,4.1,NA,"浙江省","温州市","文成县",0,0,0,0,0,0,0,0,0,0,0,0,0,0,0
"163",2006,2,"星期二",7,19,27.67,120,5,3.8,NA,"浙江省","温州市","文成县",0,0,0,0,0,0,0,0,0,0,0,0,1,0,0
"164",2006,2,"星期三",8,1,27.68,120,7,3.4,NA,"浙江省","温州市","文成县",0,0,0,0,0,0,0,0,0,0,0,0,0,0,0
"165",2006,2,"星期三",8,1,27.68,120,7,4.4,NA,"浙江省","温州市","文成县",0,0,0,0,0,0,0,0,0,0,0,0,0,0,0
"166",2006,2,"星期三",8,3,27.67,120,6,3,NA,"浙江省","温州市","文成县",0,0,0,0,0,0,0,0,0,0,0,0,1,0,0
"167",2006,2,"星期四",9,3,27.68,120,6,4.6,NA,"浙江省","温州市","文成县",0,0,0,0,0,0,0,0,0,0,0,0,0,0,0
"168",2006,2,"星期四",9,3,27.68,119.97,6,4,NA,"浙江省","温州市","泰顺县",0,0,0,0,0,0,0,0,0,0,0,0,0,0,0
"169",2006,2,"星期四",9,3,27.68,120,6,4.2,NA,"浙江省","温州市","文成县",0,0,0,0,0,0,0,0,0,0,0,0,0,0,0
"170",2006,2,"星期四",9,3,27.67,120,5,3.6,NA,"浙江省","温州市","文成县",0,0,0,0,0,0,0,0,0,0,0,0,1,0,0
"171",2006,2,"星期四",9,9,27.67,120,5,3.7,NA,"浙江省","温州市","文成县",0,0,0,0,0,0,0,0,0,0,0,0,1,0,0
"172",2006,2,"星期四",9,10,27.67,120.02,5,3.7,NA,"浙江省","温州市","文成县",2,2,0,0,0,0,0,0,0,0,0,0,0,0,0
"173",2006,2,"星期四",9,17,27.68,119.98,6,3,NA,"浙江省","温州市","泰顺县",0,0,0,0,0,0,0,0,0,0,0,0,0,0,0
"174",2006,2,"星期四",9,17,27.68,120,4,3.4,NA,"浙江省","温州市","文成县",0,0,0,0,0,0,0,0,0,0,0,0,0,0,0
"175",2006,2,"星期四",9,18,27.68,120,7,4.2,NA,"浙江省","温州市","文成县",0,0,0,0,0,0,0,0,0,0,0,0,0,0,0
"176",2006,2,"星期五",10,2,27.68,119.98,7,3.2,NA,"浙江省","温州市","泰顺县",0,0,0,0,0,0,0,0,0,0,0,0,0,0,0
"177",2006,2,"星期五",10,7,27.67,120,6,4.2,NA,"浙江省","温州市","文成县",0,0,0,0,0,0,0,0,0,0,0,0,1,0,0
"178",2006,2,"星期五",10,13,27.68,119.98,7,3.3,NA,"浙江省","温州市","泰顺县",0,0,0,0,0,0,0,0,0,0,0,0,0,0,0
"179",2006,2,"星期五",10,14,27.67,120,5,4.1,NA,"浙江省","温州市","文成县",0,0,0,0,0,0,0,0,0,0,0,0,1,0,0
"180",2006,2,"星期六",11,4,27.67,120,4,4.1,NA,"浙江省","温州市","文成县",0,0,0,0,0,0,0,0,0,0,0,0,1,0,0
"181",2006,2,"星期六",11,5,27.67,120,4,3.8,NA,"浙江省","温州市","文成县",0,0,0,0,0,0,0,0,0,0,0,0,1,0,0
"182",2006,2,"星期六",11,9,27.67,120.02,5,3,NA,"浙江省","温州市","文成县",2,2,0,0,0,0,0,0,0,0,0,0,0,0,0
"183",2006,2,"星期六",11,16,27.68,119.98,6,3,NA,"浙江省","温州市","泰顺县",0,0,0,0,0,0,0,0,0,0,0,0,0,0,0
"184",2006,2,"星期六",11,22,27.68,120,5,3.1,NA,"浙江省","温州市","文成县",0,0,0,0,0,0,0,0,0,0,0,0,0,0,0
"185",2006,2,"星期日",12,5,27.65,120.02,6,3.2,NA,"浙江省","温州市","文成县",1,1,0,0,0,0,0,0,0,0,0,0,2,0,0
"186",2006,2,"星期日",12,10,27.67,120.02,5,3.6,NA,"浙江省","温州市","文成县",2,2,0,0,0,0,0,0,0,0,0,0,0,0,0
"187",2006,2,"星期日",12,20,27.67,120.02,5,3.2,NA,"浙江省","温州市","文成县",2,2,0,0,0,0,0,0,0,0,0,0,0,0,0
"188",2006,2,"星期日",12,21,27.67,120,6,3.2,NA,"浙江省","温州市","文成县",0,0,0,0,0,0,0,0,0,0,0,0,1,0,0
"189",2006,2,"星期二",14,19,27.68,120,5,3.4,NA,"浙江省","温州市","文成县",0,0,0,0,0,0,0,0,0,0,0,0,0,0,0
"190",2006,2,"星期一",20,15,27.67,120,5,3.9,NA,"浙江省","温州市","文成县",0,0,0,0,0,0,0,0,0,0,0,0,1,0,0
"191",2006,2,"星期四",23,23,27.68,119.98,7,3.1,NA,"浙江省","温州市","泰顺县",0,0,0,0,0,0,0,0,0,0,0,0,0,0,0
"192",2006,2,"星期六",25,3,27.68,119.98,7,3.4,NA,"浙江省","温州市","泰顺县",0,0,0,0,0,0,0,0,0,0,0,0,0,0,0
"193",2006,2,"星期日",26,2,27.65,120.02,5,3,NA,"浙江省","温州市","文成县",1,1,0,0,0,0,0,0,0,0,0,0,2,0,0
"194",2006,2,"星期一",27,20,27.67,120,6,3.1,NA,"浙江省","温州市","文成县",0,0,0,0,0,0,0,0,0,0,0,0,1,0,0
"195",2006,3,"星期四",2,8,27.65,120.02,5,3.3,NA,"浙江省","温州市","文成县",1,1,0,0,0,0,0,0,0,0,0,0,2,0,0
"196",2006,3,"星期六",4,2,27.65,120.02,5,3.3,NA,"浙江省","温州市","文成县",1,1,0,0,0,0,0,0,0,0,0,0,2,0,0
"197",2006,3,"星期一",6,9,27.67,120.02,5,3.6,NA,"浙江省","温州市","文成县",2,2,0,0,0,0,0,0,0,0,0,0,0,0,0
"198",2006,3,"星期五",10,15,27.7,119.98,8,4,NA,"浙江省","温州市","文成县",0,0,0,0,0,0,0,0,0,0,0,0,0,0,0
"199",2006,3,"星期五",10,15,27.68,119.98,8,3.9,NA,"浙江省","温州市","泰顺县",0,0,0,0,0,0,0,0,0,0,0,0,0,0,0
"200",2006,3,"星期六",11,17,27.68,119.98,7,3.1,NA,"浙江省","温州市","泰顺县",0,0,0,0,0,0,0,0,0,0,0,0,0,0,0
"201",2006,3,"星期日",12,23,27.68,119.98,6,3,NA,"浙江省","温州市","泰顺县",0,0,0,0,0,0,0,0,0,0,0,0,0,0,0
"202",2006,3,"星期六",18,5,27.68,119.98,7,3.1,NA,"浙江省","温州市","泰顺县",0,0,0,0,0,0,0,0,0,0,0,0,0,0,0
"203",2006,3,"星期五",31,8,27.68,119.98,7,3.2,NA,"浙江省","温州市","泰顺县",0,0,0,0,0,0,0,0,0,0,0,0,0,0,0
"204",2006,4,"星期一",3,8,27.67,120.02,5,2.6,NA,"浙江省","温州市","文成县",2,2,0,0,0,0,0,0,0,0,0,0,0,0,0
"205",2006,4,"星期一",17,22,27.68,119.98,9,2.1,NA,"浙江省","温州市","泰顺县",0,0,0,0,0,0,0,0,0,0,0,0,0,0,0
"206",2006,4,"星期二",18,20,27.67,120,7,2.1,NA,"浙江省","温州市","文成县",0,0,0,0,0,0,0,0,0,0,0,0,1,0,0
"207",2006,4,"星期六",29,9,30.7,120.3,10,2.5,NA,"浙江省","湖州市","南浔区",5,5,0,0,1,0,0,6,0,2,0,0,4,3,3
"208",2006,5,"星期三",3,23,27.68,119.98,5,2.6,NA,"浙江省","温州市","泰顺县",0,0,0,0,0,0,0,0,0,0,0,0,0,0,0
"209",2006,5,"星期四",4,0,27.68,120,5,3.3,NA,"浙江省","温州市","文成县",0,0,0,0,0,0,0,0,0,0,0,0,0,0,0
"210",2006,5,"星期一",8,11,27.68,119.98,4,2.5,NA,"浙江省","温州市","泰顺县",0,0,0,0,0,0,0,0,0,0,0,0,0,0,0
"211",2006,6,"星期日",11,2,27.68,119.97,7,2.6,NA,"浙江省","温州市","泰顺县",0,0,0,0,0,0,0,0,0,0,0,0,0,0,0
"212",2006,6,"星期日",11,6,27.68,119.97,8,3.2,NA,"浙江省","温州市","泰顺县",0,0,0,0,0,0,0,0,0,0,0,0,0,0,0
"213",2006,6,"星期日",11,9,27.67,119.98,8,2.2,NA,"浙江省","温州市","泰顺县",0,0,0,0,0,0,0,0,0,0,0,0,0,0,0
"214",2006,6,"星期日",11,12,27.68,119.98,7,2.3,NA,"浙江省","温州市","泰顺县",0,0,0,0,0,0,0,0,0,0,0,0,0,0,0
"215",2006,7,"星期六",8,5,27.65,120,5,2.4,NA,"浙江省","温州市","文成县",0,0,0,0,0,0,0,0,0,0,0,0,2,0,0
"216",2006,7,"星期一",10,7,30.7,120.28,8,2.7,NA,"浙江省","湖州市","南浔区",3,3,0,1,1,0,0,3,0,1,0,0,2,3,1
"217",2006,7,"星期三",12,21,27.68,119.97,5,2,NA,"浙江省","温州市","泰顺县",0,0,0,0,0,0,0,0,0,0,0,0,0,0,0
"218",2006,7,"星期四",13,1,27.68,119.97,5,2,NA,"浙江省","温州市","泰顺县",0,0,0,0,0,0,0,0,0,0,0,0,0,0,0
"219",2006,7,"星期一",31,9,27.68,120,7,2.5,NA,"浙江省","温州市","文成县",0,0,0,0,0,0,0,0,0,0,0,0,0,0,0
"220",2006,8,"星期二",1,13,27.67,120,5,4,NA,"浙江省","温州市","文成县",0,0,0,0,0,0,0,0,0,0,0,0,1,0,0
"221",2006,8,"星期二",1,14,27.67,120,5,4.6,NA,"浙江省","温州市","文成县",0,0,0,0,0,0,0,0,0,0,0,0,1,0,0
"222",2006,8,"星期二",1,14,27.65,119.98,8,3.6,NA,"浙江省","温州市","泰顺县",0,0,0,0,0,0,0,0,0,0,0,0,2,0,0
"223",2006,8,"星期三",2,1,27.67,120,4,3,NA,"浙江省","温州市","文成县",0,0,0,0,0,0,0,0,0,0,0,0,1,0,0
"224",2006,8,"星期一",14,23,27.68,119.98,4,3.1,NA,"浙江省","温州市","泰顺县",0,0,0,0,0,0,0,0,0,0,0,0,0,0,0
"225",2006,9,"星期五",1,8,27.67,119.98,8,2.2,NA,"浙江省","温州市","泰顺县",0,0,0,0,0,0,0,0,0,0,0,0,0,0,0
"226",2006,9,"星期六",2,8,27.67,120,8,2.2,NA,"浙江省","温州市","文成县",0,0,0,0,0,0,0,0,0,0,0,0,1,0,0
"227",2006,10,"星期四",12,6,27.72,119.97,5,2.2,NA,"浙江省","温州市","文成县",0,0,0,0,0,0,0,0,0,0,0,0,0,0,0
"228",2006,10,"星期六",28,4,27.67,120,5,2,NA,"浙江省","温州市","文成县",0,0,0,0,0,0,0,0,0,0,0,0,1,0,0
"229",2006,12,"星期五",1,16,27.68,119.98,5,3.2,NA,"浙江省","温州市","泰顺县",0,0,0,0,0,0,0,0,0,0,0,0,0,0,0
"230",2006,12,"星期三",20,21,27.68,119.98,8,2.7,NA,"浙江省","温州市","泰顺县",0,0,0,0,0,0,0,0,0,0,0,0,0,0,0
"231",2007,2,"星期一",19,14,27.72,119.93,6,2,NA,"浙江省","温州市","文成县",0,0,0,0,0,0,0,0,0,0,0,0,0,1,0
"232",2007,8,"星期一",13,1,27.57,119.07,7,2.4,NA,"浙江省","丽水市","庆元县",0,0,0,0,0,0,0,0,0,0,0,0,0,1,0
"233",2007,10,"星期三",3,5,27.58,119.08,9,3.1,NA,"浙江省","丽水市","庆元县",1,1,0,0,0,0,0,1,0,0,0,0,0,1,0
"234",2007,12,"星期一",10,6,27.55,119.07,9,3.1,NA,"浙江省","丽水市","庆元县",0,0,0,0,0,0,0,0,0,0,0,0,0,0,0
"235",2009,2,"星期五",20,18,27.68,119.98,5,2.8,NA,"浙江省","温州市","泰顺县",0,0,0,0,0,0,0,0,0,0,0,0,0,0,0
"236",2009,4,"星期六",4,14,30.8,120.07,6,2,NA,"浙江省","湖州市","吴兴区",3,3,0,0,0,0,0,2,0,0,0,0,0,0,0
"237",2009,9,"星期四",10,20,29.85,121.23,5,3.1,NA,"浙江省","宁波市","余姚市",5,5,0,0,0,0,0,1,0,0,0,0,3,2,0
"238",2009,9,"星期六",12,6,29.85,121.22,6,2.9,NA,"浙江省","宁波市","余姚市",6,6,1,0,0,0,0,1,0,0,0,0,2,2,0
"239",2009,9,"星期六",12,8,29.85,121.23,7,3.3,NA,"浙江省","宁波市","余姚市",5,5,0,0,0,0,0,1,0,0,0,0,3,2,0
"240",2009,9,"星期六",12,14,29.85,121.23,7,2.5,NA,"浙江省","宁波市","余姚市",5,5,0,0,0,0,0,1,0,0,0,0,3,2,0
"241",2009,9,"星期六",12,20,29.85,121.23,6,2.3,NA,"浙江省","宁波市","余姚市",5,5,0,0,0,0,0,1,0,0,0,0,3,2,0
"242",2009,9,"星期六",12,20,29.85,121.23,6,2.7,NA,"浙江省","宁波市","余姚市",5,5,0,0,0,0,0,1,0,0,0,0,3,2,0
"243",2009,9,"星期四",24,11,29.85,121.23,6,2.5,NA,"浙江省","宁波市","余姚市",5,5,0,0,0,0,0,1,0,0,0,0,3,2,0
"244",2009,9,"星期四",24,11,29.85,121.23,8,3,NA,"浙江省","宁波市","余姚市",5,5,0,0,0,0,0,1,0,0,0,0,3,2,0
"245",2009,10,"星期五",9,5,29.85,121.22,9,3.3,NA,"浙江省","宁波市","余姚市",6,6,1,0,0,0,0,1,0,0,0,0,2,2,0
"246",2009,10,"星期日",18,11,29.85,121.23,7,2.1,NA,"浙江省","宁波市","余姚市",5,5,0,0,0,0,0,1,0,0,0,0,3,2,0
"247",2010,1,"星期四",7,14,29.85,121.23,4,2.6,NA,"浙江省","宁波市","余姚市",5,5,0,0,0,0,0,1,0,0,0,0,3,2,0
"248",2010,1,"星期五",8,23,29.85,121.23,3,2.3,NA,"浙江省","宁波市","余姚市",5,5,0,0,0,0,0,1,0,0,0,0,3,2,0
"249",2010,3,"星期二",23,22,30.83,120.73,7,2.3,NA,"浙江省","嘉兴市","秀洲区",1,1,0,3,2,0,0,3,0,7,0,0,5,6,1
"250",2010,3,"星期二",23,23,30.83,120.75,6,2.2,NA,"浙江省","嘉兴市","秀洲区",1,1,0,4,2,0,0,1,0,18,1,0,4,5,2
"251",2010,11,"星期四",11,3,27.7,119.97,6,2.1,NA,"浙江省","温州市","文成县",0,0,0,0,0,0,0,0,0,0,0,0,0,0,0
"252",2011,3,"星期二",22,3,29.87,119.82,8,2.4,NA,"浙江省","杭州市","桐庐县",7,7,0,0,0,0,0,5,1,0,0,0,3,4,0
"253",2012,4,"星期四",12,16,27.92,119.37,10,2.1,NA,"浙江省","丽水市","龙泉市",0,0,0,0,0,0,0,0,0,0,0,0,0,0,0
"254",2012,5,"星期六",19,3,27.93,119.36,4,2.5,"浙江龙泉","浙江省","丽水市","龙泉市",0,0,0,0,0,0,0,0,0,0,0,0,0,0,0
"255",2012,11,"星期六",17,5,27.58,119.07,6,3,"浙江庆元","浙江省","丽水市","庆元县",1,1,0,0,0,0,0,1,0,0,0,0,0,1,0
"256",2013,3,"星期四",14,19,28.52,118.52,7,2.3,"浙江江山","浙江省","衢州市","江山市",1,1,0,1,0,0,0,0,0,1,0,0,0,1,0
"257",2013,3,"星期四",14,21,28.52,118.52,8,2,"浙江江山","浙江省","衢州市","江山市",1,1,0,1,0,0,0,0,0,1,0,0,0,1,0
"258",2013,4,"星期五",19,15,27.93,119.37,10,2.5,"浙江龙泉","浙江省","丽水市","龙泉市",0,0,0,0,0,0,0,0,0,0,0,0,0,0,0
"259",2013,11,"星期二",26,5,29.32,121.26,8,2,"浙江宁海","浙江省","宁波市","宁海县",0,0,0,0,0,0,0,0,0,0,0,0,0,0,0
"260",2014,9,"星期五",12,13,27.67,120,4,2.4,"浙江文成","浙江省","温州市","文成县",0,0,0,0,0,0,0,0,0,0,0,0,1,0,0
"261",2014,9,"星期五",12,15,27.67,120,4,2.1,"浙江文成","浙江省","温州市","文成县",0,0,0,0,0,0,0,0,0,0,0,0,1,0,0
"262",2014,9,"星期一",15,3,27.71,119.95,4,2.1,"浙江文成","浙江省","温州市","文成县",0,0,0,0,0,0,0,0,0,0,0,0,0,1,0
"263",2014,9,"星期一",15,13,27.71,119.95,4,3.5,"浙江文成","浙江省","温州市","文成县",0,0,0,0,0,0,0,0,0,0,0,0,0,1,0
"264",2014,9,"星期一",15,14,27.71,119.95,4,2.5,"浙江文成","浙江省","温州市","文成县",0,0,0,0,0,0,0,0,0,0,0,0,0,1,0
"265",2014,9,"星期一",15,14,27.71,119.95,4,2.5,"浙江文成","浙江省","温州市","文成县",0,0,0,0,0,0,0,0,0,0,0,0,0,1,0
"266",2014,9,"星期一",15,15,27.71,119.95,4,3.1,"浙江文成","浙江省","温州市","文成县",0,0,0,0,0,0,0,0,0,0,0,0,0,1,0
"267",2014,9,"星期一",15,18,27.71,119.95,4,2.4,"浙江文成","浙江省","温州市","文成县",0,0,0,0,0,0,0,0,0,0,0,0,0,1,0
"268",2014,9,"星期一",15,19,27.71,119.95,4,2.1,"浙江文成","浙江省","温州市","文成县",0,0,0,0,0,0,0,0,0,0,0,0,0,1,0
"269",2014,9,"星期一",15,22,27.71,119.95,4,2.2,"浙江文成","浙江省","温州市","文成县",0,0,0,0,0,0,0,0,0,0,0,0,0,1,0
"270",2014,9,"星期二",16,1,27.7,119.95,4,2,"浙江文成","浙江省","温州市","文成县",0,0,0,0,0,0,0,0,0,0,0,0,0,1,0
"271",2014,9,"星期二",16,11,27.71,119.95,4,3.3,"浙江文成","浙江省","温州市","文成县",0,0,0,0,0,0,0,0,0,0,0,0,0,1,0
"272",2014,9,"星期二",16,23,27.71,119.95,4,2.1,"浙江文成","浙江省","温州市","文成县",0,0,0,0,0,0,0,0,0,0,0,0,0,1,0
"273",2014,9,"星期三",17,20,27.71,119.95,4,3.5,"浙江文成","浙江省","温州市","文成县",0,0,0,0,0,0,0,0,0,0,0,0,0,1,0
"274",2014,9,"星期四",18,0,27.71,119.95,5,2,"浙江文成","浙江省","温州市","文成县",0,0,0,0,0,0,0,0,0,0,0,0,0,1,0
"275",2014,9,"星期五",19,5,27.71,119.94,3,2.1,"浙江文成","浙江省","温州市","文成县",0,0,0,0,0,0,0,0,0,0,0,0,0,1,0
"276",2014,9,"星期五",19,8,27.71,119.94,3,2.2,"浙江文成","浙江省","温州市","文成县",0,0,0,0,0,0,0,0,0,0,0,0,0,1,0
"277",2014,9,"星期五",19,8,27.71,119.94,3,2.5,"浙江文成","浙江省","温州市","文成县",0,0,0,0,0,0,0,0,0,0,0,0,0,1,0
"278",2014,9,"星期日",21,12,27.71,119.94,4,2.6,"浙江文成","浙江省","温州市","文成县",0,0,0,0,0,0,0,0,0,0,0,0,0,1,0
"279",2014,9,"星期日",21,14,27.71,119.95,2,2,"浙江文成","浙江省","温州市","文成县",0,0,0,0,0,0,0,0,0,0,0,0,0,1,0
"280",2014,9,"星期一",22,6,27.71,119.96,3,2.6,"浙江文成","浙江省","温州市","文成县",0,0,0,0,0,0,0,0,0,0,0,0,0,0,0
"281",2014,9,"星期一",22,6,27.71,119.96,3,3.8,"浙江文成","浙江省","温州市","文成县",0,0,0,0,0,0,0,0,0,0,0,0,0,0,0
"282",2014,9,"星期一",22,8,27.71,119.96,2,2.5,"浙江文成","浙江省","温州市","文成县",0,0,0,0,0,0,0,0,0,0,0,0,0,0,0
"283",2014,9,"星期一",22,12,27.71,119.95,2,2.2,"浙江文成","浙江省","温州市","文成县",0,0,0,0,0,0,0,0,0,0,0,0,0,1,0
"284",2014,9,"星期一",22,14,27.71,119.94,4,2,"浙江文成","浙江省","温州市","文成县",0,0,0,0,0,0,0,0,0,0,0,0,0,1,0
"285",2014,9,"星期二",23,7,27.71,119.95,2,2.1,"浙江文成","浙江省","温州市","文成县",0,0,0,0,0,0,0,0,0,0,0,0,0,1,0
"286",2014,9,"星期二",23,13,27.65,119.95,10,4.5,"浙江文成","浙江省","温州市","泰顺县",0,0,0,0,0,0,0,0,0,0,0,0,0,0,0
"287",2014,9,"星期二",23,13,27.71,119.95,2,2.8,"浙江文成","浙江省","温州市","文成县",0,0,0,0,0,0,0,0,0,0,0,0,0,1,0
"288",2014,9,"星期二",23,13,27.71,119.95,3,2,"浙江文成","浙江省","温州市","文成县",0,0,0,0,0,0,0,0,0,0,0,0,0,1,0
"289",2014,9,"星期二",23,13,27.71,119.95,3,2.4,"浙江文成","浙江省","温州市","文成县",0,0,0,0,0,0,0,0,0,0,0,0,0,1,0
"290",2014,9,"星期二",23,13,27.7,119.95,2,2.9,"浙江文成","浙江省","温州市","文成县",0,0,0,0,0,0,0,0,0,0,0,0,0,1,0
"291",2014,9,"星期二",23,14,27.7,119.96,3,3.6,"浙江文成","浙江省","温州市","文成县",0,0,0,0,0,0,0,0,0,0,0,0,0,0,0
"292",2014,9,"星期二",23,14,27.7,119.95,2,2.4,"浙江文成","浙江省","温州市","文成县",0,0,0,0,0,0,0,0,0,0,0,0,0,1,0
"293",2014,9,"星期二",23,14,27.7,119.95,2,2.1,"浙江文成","浙江省","温州市","文成县",0,0,0,0,0,0,0,0,0,0,0,0,0,1,0
"294",2014,9,"星期二",23,15,27.71,119.95,4,2.8,"浙江文成","浙江省","温州市","文成县",0,0,0,0,0,0,0,0,0,0,0,0,0,1,0
"295",2014,9,"星期二",23,15,27.7,119.95,3,2.1,"浙江文成","浙江省","温州市","文成县",0,0,0,0,0,0,0,0,0,0,0,0,0,1,0
"296",2014,9,"星期二",23,15,27.71,119.94,3,2.4,"浙江文成","浙江省","温州市","文成县",0,0,0,0,0,0,0,0,0,0,0,0,0,1,0
"297",2014,9,"星期二",23,16,27.7,119.95,3,2.8,"浙江文成","浙江省","温州市","文成县",0,0,0,0,0,0,0,0,0,0,0,0,0,1,0
"298",2014,9,"星期二",23,17,27.71,119.94,4,3.6,"浙江文成","浙江省","温州市","文成县",0,0,0,0,0,0,0,0,0,0,0,0,0,1,0
"299",2014,9,"星期二",23,17,27.71,119.95,4,3.4,"浙江文成","浙江省","温州市","文成县",0,0,0,0,0,0,0,0,0,0,0,0,0,1,0
"300",2014,9,"星期二",23,17,27.71,119.95,4,3,"浙江文成","浙江省","温州市","文成县",0,0,0,0,0,0,0,0,0,0,0,0,0,1,0
"301",2014,9,"星期二",23,19,27.7,119.95,2,2.1,"浙江文成","浙江省","温州市","文成县",0,0,0,0,0,0,0,0,0,0,0,0,0,1,0
"302",2014,9,"星期二",23,22,27.7,119.96,3,2,"浙江文成","浙江省","温州市","文成县",0,0,0,0,0,0,0,0,0,0,0,0,0,0,0
"303",2014,9,"星期三",24,0,27.71,119.95,3,3.3,"浙江文成","浙江省","温州市","文成县",0,0,0,0,0,0,0,0,0,0,0,0,0,1,0
"304",2014,9,"星期三",24,1,27.71,119.95,4,2,"浙江文成","浙江省","温州市","文成县",0,0,0,0,0,0,0,0,0,0,0,0,0,1,0
"305",2014,9,"星期三",24,3,27.7,119.95,4,2.4,"浙江文成","浙江省","温州市","文成县",0,0,0,0,0,0,0,0,0,0,0,0,0,1,0
"306",2014,9,"星期三",24,4,27.71,119.94,4,2.3,"浙江文成","浙江省","温州市","文成县",0,0,0,0,0,0,0,0,0,0,0,0,0,1,0
"307",2014,9,"星期三",24,7,27.71,119.94,4,2.1,"浙江文成","浙江省","温州市","文成县",0,0,0,0,0,0,0,0,0,0,0,0,0,1,0
"308",2014,9,"星期三",24,14,27.71,119.94,3,2.1,"浙江文成","浙江省","温州市","文成县",0,0,0,0,0,0,0,0,0,0,0,0,0,1,0
"309",2014,9,"星期三",24,15,27.71,119.95,3,2.6,"浙江文成","浙江省","温州市","文成县",0,0,0,0,0,0,0,0,0,0,0,0,0,1,0
"310",2014,9,"星期四",25,1,27.7,119.96,2,2.5,"浙江文成","浙江省","温州市","文成县",0,0,0,0,0,0,0,0,0,0,0,0,0,0,0
"311",2014,9,"星期四",25,12,27.71,119.95,3,3,"浙江文成","浙江省","温州市","文成县",0,0,0,0,0,0,0,0,0,0,0,0,0,1,0
"312",2014,9,"星期五",26,23,27.71,119.94,3,2.3,"浙江文成","浙江省","温州市","文成县",0,0,0,0,0,0,0,0,0,0,0,0,0,1,0
"313",2014,9,"星期六",27,8,27.71,119.94,3,2.5,"浙江文成","浙江省","温州市","文成县",0,0,0,0,0,0,0,0,0,0,0,0,0,1,0
"314",2014,9,"星期六",27,8,27.71,119.94,3,3.1,"浙江文成","浙江省","温州市","文成县",0,0,0,0,0,0,0,0,0,0,0,0,0,1,0
"315",2014,9,"星期六",27,8,27.71,119.94,3,2,"浙江文成","浙江省","温州市","文成县",0,0,0,0,0,0,0,0,0,0,0,0,0,1,0
"316",2014,9,"星期六",27,8,27.7,119.95,10,4.32,"浙江文成","浙江省","温州市","文成县",0,0,0,0,0,0,0,0,0,0,0,0,0,1,0
"317",2014,9,"星期六",27,8,27.72,119.94,3,3.4,"浙江文成","浙江省","温州市","文成县",0,0,0,0,0,0,0,0,0,0,0,0,0,1,0
"318",2014,9,"星期六",27,8,27.71,119.95,3,2.1,"浙江文成","浙江省","温州市","文成县",0,0,0,0,0,0,0,0,0,0,0,0,0,1,0
"319",2014,9,"星期六",27,9,27.7,119.96,3,2.2,"浙江文成","浙江省","温州市","文成县",0,0,0,0,0,0,0,0,0,0,0,0,0,0,0
"320",2014,9,"星期六",27,9,27.71,119.95,4,2.2,"浙江文成","浙江省","温州市","文成县",0,0,0,0,0,0,0,0,0,0,0,0,0,1,0
"321",2014,9,"星期六",27,9,27.7,119.95,5,2.5,"浙江文成","浙江省","温州市","文成县",0,0,0,0,0,0,0,0,0,0,0,0,0,1,0
"322",2014,9,"星期六",27,15,27.7,119.95,5,2,"浙江文成","浙江省","温州市","文成县",0,0,0,0,0,0,0,0,0,0,0,0,0,1,0
"323",2014,9,"星期六",27,18,27.7,119.96,4,2.2,"浙江文成","浙江省","温州市","文成县",0,0,0,0,0,0,0,0,0,0,0,0,0,0,0
"324",2014,9,"星期日",28,6,27.71,119.94,3,2.5,"浙江文成","浙江省","温州市","文成县",0,0,0,0,0,0,0,0,0,0,0,0,0,1,0
"325",2014,9,"星期一",29,2,27.71,119.94,3,3,"浙江文成","浙江省","温州市","文成县",0,0,0,0,0,0,0,0,0,0,0,0,0,1,0
"326",2014,10,"星期三",1,2,27.72,119.93,4,2.8,"浙江文成","浙江省","温州市","文成县",0,0,0,0,0,0,0,0,0,0,0,0,0,1,0
"327",2014,10,"星期四",2,5,27.7,119.96,4,2.6,"浙江文成","浙江省","温州市","文成县",0,0,0,0,0,0,0,0,0,0,0,0,0,0,0
"328",2014,10,"星期四",2,17,27.7,119.97,4,2.4,"浙江文成","浙江省","温州市","文成县",0,0,0,0,0,0,0,0,0,0,0,0,0,0,0
"329",2014,10,"星期四",2,22,27.71,119.95,3,2.8,"浙江文成","浙江省","温州市","文成县",0,0,0,0,0,0,0,0,0,0,0,0,0,1,0
"330",2014,10,"星期四",2,23,27.7,119.95,3,2.7,"浙江文成","浙江省","温州市","文成县",0,0,0,0,0,0,0,0,0,0,0,0,0,1,0
"331",2014,10,"星期五",3,0,27.7,119.96,3,2.8,"浙江文成","浙江省","温州市","文成县",0,0,0,0,0,0,0,0,0,0,0,0,0,0,0
"332",2014,10,"星期五",3,1,27.7,119.96,3,2.5,"浙江文成","浙江省","温州市","文成县",0,0,0,0,0,0,0,0,0,0,0,0,0,0,0
"333",2014,10,"星期五",3,11,27.7,119.96,5,3,"浙江文成","浙江省","温州市","文成县",0,0,0,0,0,0,0,0,0,0,0,0,0,0,0
"334",2014,10,"星期五",3,11,27.7,119.96,3,4,"浙江文成","浙江省","温州市","文成县",0,0,0,0,0,0,0,0,0,0,0,0,0,0,0
"335",2014,10,"星期五",3,11,27.7,119.97,3,3,"浙江泰顺","浙江省","温州市","文成县",0,0,0,0,0,0,0,0,0,0,0,0,0,0,0
"336",2014,10,"星期五",3,11,27.7,119.97,3,2.6,"浙江泰顺","浙江省","温州市","文成县",0,0,0,0,0,0,0,0,0,0,0,0,0,0,0
"337",2014,10,"星期五",3,11,27.71,119.95,3,3.1,"浙江文成","浙江省","温州市","文成县",0,0,0,0,0,0,0,0,0,0,0,0,0,1,0
"338",2014,10,"星期五",3,12,27.7,119.96,3,2.2,"浙江文成","浙江省","温州市","文成县",0,0,0,0,0,0,0,0,0,0,0,0,0,0,0
"339",2014,10,"星期五",3,12,27.7,119.97,2,2.1,"浙江泰顺","浙江省","温州市","文成县",0,0,0,0,0,0,0,0,0,0,0,0,0,0,0
"340",2014,10,"星期五",3,12,27.71,119.95,3,2.2,"浙江文成","浙江省","温州市","文成县",0,0,0,0,0,0,0,0,0,0,0,0,0,1,0
"341",2014,10,"星期五",3,14,27.7,119.96,2,2,"浙江文成","浙江省","温州市","文成县",0,0,0,0,0,0,0,0,0,0,0,0,0,0,0
"342",2014,10,"星期五",3,14,27.7,119.96,3,2.8,"浙江文成","浙江省","温州市","文成县",0,0,0,0,0,0,0,0,0,0,0,0,0,0,0
"343",2014,10,"星期五",3,14,27.7,119.96,4,2.1,"浙江文成","浙江省","温州市","文成县",0,0,0,0,0,0,0,0,0,0,0,0,0,0,0
"344",2014,10,"星期五",3,15,27.7,119.96,3,2.5,"浙江文成","浙江省","温州市","文成县",0,0,0,0,0,0,0,0,0,0,0,0,0,0,0
"345",2014,10,"星期五",3,18,27.7,119.96,3,2,"浙江文成","浙江省","温州市","文成县",0,0,0,0,0,0,0,0,0,0,0,0,0,0,0
"346",2014,10,"星期六",4,3,27.7,119.96,5,3,"浙江文成","浙江省","温州市","文成县",0,0,0,0,0,0,0,0,0,0,0,0,0,0,0
"347",2014,10,"星期六",4,13,27.7,119.96,2,2.1,"浙江文成","浙江省","温州市","文成县",0,0,0,0,0,0,0,0,0,0,0,0,0,0,0
"348",2014,10,"星期日",5,6,27.72,119.93,5,3.4,"浙江文成","浙江省","温州市","文成县",0,0,0,0,0,0,0,0,0,0,0,0,0,1,0
"349",2014,10,"星期日",5,10,27.71,119.94,3,2.3,"浙江文成","浙江省","温州市","文成县",0,0,0,0,0,0,0,0,0,0,0,0,0,1,0
"350",2014,10,"星期日",5,12,27.71,119.95,3,2.7,"浙江文成","浙江省","温州市","文成县",0,0,0,0,0,0,0,0,0,0,0,0,0,1,0
"351",2014,10,"星期一",6,6,27.72,119.93,4,2.7,"浙江文成","浙江省","温州市","文成县",0,0,0,0,0,0,0,0,0,0,0,0,0,1,0
"352",2014,10,"星期一",6,7,27.7,119.96,3,2.4,"浙江文成","浙江省","温州市","文成县",0,0,0,0,0,0,0,0,0,0,0,0,0,0,0
"353",2014,10,"星期二",7,9,27.7,119.97,4,2.4,"浙江泰顺","浙江省","温州市","文成县",0,0,0,0,0,0,0,0,0,0,0,0,0,0,0
"354",2014,10,"星期二",7,10,27.69,119.97,3,2.3,"浙江泰顺","浙江省","温州市","泰顺县",0,0,0,0,0,0,0,0,0,0,0,0,0,0,0
"355",2014,10,"星期三",8,19,27.71,119.95,2,2.7,"浙江文成","浙江省","温州市","文成县",0,0,0,0,0,0,0,0,0,0,0,0,0,1,0
"356",2014,10,"星期三",8,20,27.71,119.95,2,2,"浙江文成","浙江省","温州市","文成县",0,0,0,0,0,0,0,0,0,0,0,0,0,1,0
"357",2014,10,"星期三",8,20,27.7,119.96,4,2.3,"浙江文成","浙江省","温州市","文成县",0,0,0,0,0,0,0,0,0,0,0,0,0,0,0
"358",2014,10,"星期三",8,20,27.7,119.96,4,2.2,"浙江文成","浙江省","温州市","文成县",0,0,0,0,0,0,0,0,0,0,0,0,0,0,0
"359",2014,10,"星期三",8,21,27.7,119.96,4,3.2,"浙江文成","浙江省","温州市","文成县",0,0,0,0,0,0,0,0,0,0,0,0,0,0,0
"360",2014,10,"星期四",9,1,27.7,119.96,4,3.3,"浙江文成","浙江省","温州市","文成县",0,0,0,0,0,0,0,0,0,0,0,0,0,0,0
"361",2014,10,"星期四",9,1,27.7,119.97,4,3.2,"浙江泰顺","浙江省","温州市","文成县",0,0,0,0,0,0,0,0,0,0,0,0,0,0,0
"362",2014,10,"星期四",9,2,27.69,119.97,3,2,"浙江泰顺","浙江省","温州市","泰顺县",0,0,0,0,0,0,0,0,0,0,0,0,0,0,0
"363",2014,10,"星期四",9,2,27.7,119.97,4,3.4,"浙江泰顺","浙江省","温州市","文成县",0,0,0,0,0,0,0,0,0,0,0,0,0,0,0
"364",2014,10,"星期四",9,7,27.7,119.97,4,2.3,"浙江泰顺","浙江省","温州市","文成县",0,0,0,0,0,0,0,0,0,0,0,0,0,0,0
"365",2014,10,"星期四",9,12,27.7,119.96,1,2,"浙江文成","浙江省","温州市","文成县",0,0,0,0,0,0,0,0,0,0,0,0,0,0,0
"366",2014,10,"星期四",9,22,27.7,119.97,4,2.3,"浙江泰顺","浙江省","温州市","文成县",0,0,0,0,0,0,0,0,0,0,0,0,0,0,0
"367",2014,10,"星期四",9,22,27.7,119.97,5,2.8,"浙江泰顺","浙江省","温州市","文成县",0,0,0,0,0,0,0,0,0,0,0,0,0,0,0
"368",2014,10,"星期六",11,0,30.16,119.63,13,2.6,"浙江临安","浙江省","杭州市","临安市",0,0,0,0,0,0,0,0,0,0,0,0,0,0,0
"369",2014,10,"星期六",11,1,27.71,119.94,3,2.3,"浙江文成","浙江省","温州市","文成县",0,0,0,0,0,0,0,0,0,0,0,0,0,1,0
"370",2014,10,"星期六",11,11,27.71,119.94,3,4.1,"浙江文成","浙江省","温州市","文成县",0,0,0,0,0,0,0,0,0,0,0,0,0,1,0
"371",2014,10,"星期六",11,11,27.71,119.94,2,3.7,"浙江文成","浙江省","温州市","文成县",0,0,0,0,0,0,0,0,0,0,0,0,0,1,0
"372",2014,10,"星期六",11,11,27.7,119.96,3,2.2,"浙江文成","浙江省","温州市","文成县",0,0,0,0,0,0,0,0,0,0,0,0,0,0,0
"373",2014,10,"星期日",12,0,27.7,119.96,2,3.9,"浙江文成","浙江省","温州市","文成县",0,0,0,0,0,0,0,0,0,0,0,0,0,0,0
"374",2014,10,"星期日",12,0,27.7,119.97,3,2.2,"浙江泰顺","浙江省","温州市","文成县",0,0,0,0,0,0,0,0,0,0,0,0,0,0,0
"375",2014,10,"星期日",12,8,27.7,119.96,2,2,"浙江文成","浙江省","温州市","文成县",0,0,0,0,0,0,0,0,0,0,0,0,0,0,0
"376",2014,10,"星期二",14,4,27.71,119.94,4,2.9,"浙江文成","浙江省","温州市","文成县",0,0,0,0,0,0,0,0,0,0,0,0,0,1,0
"377",2014,10,"星期二",14,4,27.71,119.94,4,4.2,"浙江文成","浙江省","温州市","文成县",0,0,0,0,0,0,0,0,0,0,0,0,0,1,0
"378",2014,10,"星期二",14,4,27.71,119.95,5,2.1,"浙江文成","浙江省","温州市","文成县",0,0,0,0,0,0,0,0,0,0,0,0,0,1,0
"379",2014,10,"星期二",14,4,27.71,119.95,4,2.6,"浙江文成","浙江省","温州市","文成县",0,0,0,0,0,0,0,0,0,0,0,0,0,1,0
"380",2014,10,"星期二",14,4,27.71,119.95,4,2.3,"浙江文成","浙江省","温州市","文成县",0,0,0,0,0,0,0,0,0,0,0,0,0,1,0
"381",2014,10,"星期二",14,4,27.71,119.95,4,2.1,"浙江文成","浙江省","温州市","文成县",0,0,0,0,0,0,0,0,0,0,0,0,0,1,0
"382",2014,10,"星期二",14,4,27.71,119.95,4,2.2,"浙江文成","浙江省","温州市","文成县",0,0,0,0,0,0,0,0,0,0,0,0,0,1,0
"383",2014,10,"星期二",14,4,27.71,119.94,5,2.6,"浙江文成","浙江省","温州市","文成县",0,0,0,0,0,0,0,0,0,0,0,0,0,1,0
"384",2014,10,"星期二",14,6,27.71,119.95,5,2.4,"浙江文成","浙江省","温州市","文成县",0,0,0,0,0,0,0,0,0,0,0,0,0,1,0
"385",2014,10,"星期二",14,8,27.71,119.94,5,2.2,"浙江文成","浙江省","温州市","文成县",0,0,0,0,0,0,0,0,0,0,0,0,0,1,0
"386",2014,10,"星期二",14,17,27.7,119.96,3,2.8,"浙江文成","浙江省","温州市","文成县",0,0,0,0,0,0,0,0,0,0,0,0,0,0,0
"387",2014,10,"星期二",14,20,27.7,119.96,3,2.3,"浙江文成","浙江省","温州市","文成县",0,0,0,0,0,0,0,0,0,0,0,0,0,0,0
"388",2014,10,"星期三",15,15,27.71,119.95,4,3.9,"浙江文成","浙江省","温州市","文成县",0,0,0,0,0,0,0,0,0,0,0,0,0,1,0
"389",2014,10,"星期三",15,15,27.71,119.95,3,3.2,"浙江文成","浙江省","温州市","文成县",0,0,0,0,0,0,0,0,0,0,0,0,0,1,0
"390",2014,10,"星期三",15,15,27.71,119.95,4,3.6,"浙江文成","浙江省","温州市","文成县",0,0,0,0,0,0,0,0,0,0,0,0,0,1,0
"391",2014,10,"星期三",15,15,27.71,119.95,5,4,"浙江文成","浙江省","温州市","文成县",0,0,0,0,0,0,0,0,0,0,0,0,0,1,0
"392",2014,10,"星期三",15,15,27.71,119.96,3,2.1,"浙江文成","浙江省","温州市","文成县",0,0,0,0,0,0,0,0,0,0,0,0,0,0,0
"393",2014,10,"星期三",15,16,27.69,119.97,3,2.4,"浙江泰顺","浙江省","温州市","泰顺县",0,0,0,0,0,0,0,0,0,0,0,0,0,0,0
"394",2014,10,"星期三",15,16,27.69,119.97,3,2.1,"浙江泰顺","浙江省","温州市","泰顺县",0,0,0,0,0,0,0,0,0,0,0,0,0,0,0
"395",2014,10,"星期三",15,16,27.7,119.96,5,4,"浙江文成","浙江省","温州市","文成县",0,0,0,0,0,0,0,0,0,0,0,0,0,0,0
"396",2014,10,"星期三",15,16,27.71,119.95,5,2.7,"浙江文成","浙江省","温州市","文成县",0,0,0,0,0,0,0,0,0,0,0,0,0,1,0
"397",2014,10,"星期三",15,18,27.71,119.94,5,2.1,"浙江文成","浙江省","温州市","文成县",0,0,0,0,0,0,0,0,0,0,0,0,0,1,0
"398",2014,10,"星期三",15,19,27.71,119.95,4,2.5,"浙江文成","浙江省","温州市","文成县",0,0,0,0,0,0,0,0,0,0,0,0,0,1,0
"399",2014,10,"星期三",15,20,27.71,119.95,5,2.4,"浙江文成","浙江省","温州市","文成县",0,0,0,0,0,0,0,0,0,0,0,0,0,1,0
"400",2014,10,"星期三",15,23,27.7,119.96,5,2.1,"浙江文成","浙江省","温州市","文成县",0,0,0,0,0,0,0,0,0,0,0,0,0,0,0
"401",2014,10,"星期四",16,0,27.71,119.95,5,2.4,"浙江文成","浙江省","温州市","文成县",0,0,0,0,0,0,0,0,0,0,0,0,0,1,0
"402",2014,10,"星期四",16,0,27.71,119.95,5,2.8,"浙江文成","浙江省","温州市","文成县",0,0,0,0,0,0,0,0,0,0,0,0,0,1,0
"403",2014,10,"星期四",16,0,27.71,119.95,5,2,"浙江文成","浙江省","温州市","文成县",0,0,0,0,0,0,0,0,0,0,0,0,0,1,0
"404",2014,10,"星期四",16,1,27.71,119.94,5,2.1,"浙江文成","浙江省","温州市","文成县",0,0,0,0,0,0,0,0,0,0,0,0,0,1,0
"405",2014,10,"星期四",16,4,27.7,119.96,4,2.3,"浙江文成","浙江省","温州市","文成县",0,0,0,0,0,0,0,0,0,0,0,0,0,0,0
"406",2014,10,"星期四",16,12,27.71,119.95,1,2.9,"浙江文成","浙江省","温州市","文成县",0,0,0,0,0,0,0,0,0,0,0,0,0,1,0
"407",2014,10,"星期五",17,5,27.7,119.96,3,2.6,"浙江文成","浙江省","温州市","文成县",0,0,0,0,0,0,0,0,0,0,0,0,0,0,0
"408",2014,10,"星期五",17,5,27.7,119.97,4,2.4,"浙江泰顺","浙江省","温州市","文成县",0,0,0,0,0,0,0,0,0,0,0,0,0,0,0
"409",2014,10,"星期五",17,9,27.7,119.96,3,2.4,"浙江泰顺","浙江省","温州市","文成县",0,0,0,0,0,0,0,0,0,0,0,0,0,0,0
"410",2014,10,"星期五",17,9,27.7,119.97,2,2.3,"浙江泰顺","浙江省","温州市","文成县",0,0,0,0,0,0,0,0,0,0,0,0,0,0,0
"411",2014,10,"星期六",18,8,27.71,119.94,5,2.7,"浙江文成","浙江省","温州市","文成县",0,0,0,0,0,0,0,0,0,0,0,0,0,1,0
"412",2014,10,"星期六",18,8,27.71,119.95,4,3,"浙江文成","浙江省","温州市","文成县",0,0,0,0,0,0,0,0,0,0,0,0,0,1,0
"413",2014,10,"星期六",18,21,27.71,119.94,5,2.6,"浙江文成","浙江省","温州市","文成县",0,0,0,0,0,0,0,0,0,0,0,0,0,1,0
"414",2014,10,"星期日",19,16,27.71,119.95,5,3,"浙江文成","浙江省","温州市","文成县",0,0,0,0,0,0,0,0,0,0,0,0,0,1,0
"415",2014,10,"星期二",21,1,27.7,119.97,3,2.2,"浙江泰顺","浙江省","温州市","文成县",0,0,0,0,0,0,0,0,0,0,0,0,0,0,0
"416",2014,10,"星期二",21,14,27.7,119.96,1,2.6,"浙江文成","浙江省","温州市","文成县",0,0,0,0,0,0,0,0,0,0,0,0,0,0,0
"417",2014,10,"星期四",23,8,27.72,119.93,4,3.7,"浙江文成","浙江省","温州市","文成县",0,0,0,0,0,0,0,0,0,0,0,0,0,1,0
"418",2014,10,"星期四",23,20,27.72,119.93,5,2.2,"浙江文成","浙江省","温州市","文成县",0,0,0,0,0,0,0,0,0,0,0,0,0,1,0
"419",2014,10,"星期五",24,10,27.72,119.93,4,3.1,"浙江文成","浙江省","温州市","文成县",0,0,0,0,0,0,0,0,0,0,0,0,0,1,0
"420",2014,10,"星期五",24,15,27.71,119.94,5,2.5,"浙江文成","浙江省","温州市","文成县",0,0,0,0,0,0,0,0,0,0,0,0,0,1,0
"421",2014,10,"星期六",25,3,27.7,119.96,1,2.7,"浙江文成","浙江省","温州市","文成县",0,0,0,0,0,0,0,0,0,0,0,0,0,0,0
"422",2014,10,"星期六",25,18,27.65,120,10,4.67,"浙江文成","浙江省","温州市","文成县",0,0,0,0,0,0,0,0,0,0,0,0,2,0,0
"423",2014,10,"星期六",25,19,27.69,119.97,3,3.7,"浙江泰顺","浙江省","温州市","泰顺县",0,0,0,0,0,0,0,0,0,0,0,0,0,0,0
"424",2014,10,"星期六",25,19,27.71,119.95,1,2.2,"浙江文成","浙江省","温州市","文成县",0,0,0,0,0,0,0,0,0,0,0,0,0,1,0
"425",2014,10,"星期六",25,19,27.69,119.97,2,2.4,"浙江泰顺","浙江省","温州市","泰顺县",0,0,0,0,0,0,0,0,0,0,0,0,0,0,0
"426",2014,10,"星期日",26,7,27.69,119.97,3,3.2,"浙江泰顺","浙江省","温州市","泰顺县",0,0,0,0,0,0,0,0,0,0,0,0,0,0,0
"427",2014,10,"星期一",27,11,27.7,119.96,4,2.5,"浙江文成","浙江省","温州市","文成县",0,0,0,0,0,0,0,0,0,0,0,0,0,0,0
"428",2014,10,"星期一",27,16,27.69,119.97,3,2.5,"浙江泰顺","浙江省","温州市","泰顺县",0,0,0,0,0,0,0,0,0,0,0,0,0,0,0
"429",2014,10,"星期一",27,16,27.71,119.94,5,2.8,"浙江文成","浙江省","温州市","文成县",0,0,0,0,0,0,0,0,0,0,0,0,0,1,0
"430",2014,10,"星期一",27,16,27.71,119.94,5,2,"浙江文成","浙江省","温州市","文成县",0,0,0,0,0,0,0,0,0,0,0,0,0,1,0
"431",2014,10,"星期一",27,16,27.71,119.94,5,2.3,"浙江文成","浙江省","温州市","文成县",0,0,0,0,0,0,0,0,0,0,0,0,0,1,0
"432",2014,10,"星期一",27,20,27.71,119.94,5,2.6,"浙江文成","浙江省","温州市","文成县",0,0,0,0,0,0,0,0,0,0,0,0,0,1,0
"433",2014,10,"星期一",27,21,27.71,119.94,5,2.8,"浙江文成","浙江省","温州市","文成县",0,0,0,0,0,0,0,0,0,0,0,0,0,1,0
"434",2014,10,"星期一",27,21,27.71,119.95,5,2.3,"浙江文成","浙江省","温州市","文成县",0,0,0,0,0,0,0,0,0,0,0,0,0,1,0
"435",2014,10,"星期一",27,22,27.71,119.95,5,2.7,"浙江文成","浙江省","温州市","文成县",0,0,0,0,0,0,0,0,0,0,0,0,0,1,0
"436",2014,10,"星期一",27,22,27.71,119.95,5,2.2,"浙江文成","浙江省","温州市","文成县",0,0,0,0,0,0,0,0,0,0,0,0,0,1,0
"437",2014,10,"星期二",28,1,27.69,119.98,3,3.3,"浙江泰顺","浙江省","温州市","泰顺县",0,0,0,0,0,0,0,0,0,0,0,0,0,0,0
"438",2014,10,"星期二",28,1,27.69,119.97,3,2.6,"浙江泰顺","浙江省","温州市","泰顺县",0,0,0,0,0,0,0,0,0,0,0,0,0,0,0
"439",2014,10,"星期二",28,3,27.69,119.98,2,3.6,"浙江泰顺","浙江省","温州市","泰顺县",0,0,0,0,0,0,0,0,0,0,0,0,0,0,0
"440",2014,10,"星期二",28,8,27.69,119.97,3,2.8,"浙江泰顺","浙江省","温州市","泰顺县",0,0,0,0,0,0,0,0,0,0,0,0,0,0,0
"441",2014,10,"星期三",29,7,27.69,119.98,4,2.1,"浙江泰顺","浙江省","温州市","泰顺县",0,0,0,0,0,0,0,0,0,0,0,0,0,0,0
"442",2014,10,"星期四",30,19,27.69,119.98,3,3.1,"浙江泰顺","浙江省","温州市","泰顺县",0,0,0,0,0,0,0,0,0,0,0,0,0,0,0
"443",2014,10,"星期四",30,20,27.69,119.98,4,2.5,"浙江泰顺","浙江省","温州市","泰顺县",0,0,0,0,0,0,0,0,0,0,0,0,0,0,0
"444",2014,10,"星期四",30,20,27.7,119.97,1,2.7,"浙江泰顺","浙江省","温州市","文成县",0,0,0,0,0,0,0,0,0,0,0,0,0,0,0
"445",2014,10,"星期四",30,22,27.69,119.98,4,2.8,"浙江泰顺","浙江省","温州市","泰顺县",0,0,0,0,0,0,0,0,0,0,0,0,0,0,0
"446",2014,10,"星期四",30,23,27.68,119.98,4,2.2,"浙江泰顺","浙江省","温州市","泰顺县",0,0,0,0,0,0,0,0,0,0,0,0,0,0,0
"447",2014,10,"星期五",31,0,27.69,119.98,2,2.4,"浙江泰顺","浙江省","温州市","泰顺县",0,0,0,0,0,0,0,0,0,0,0,0,0,0,0
"448",2014,11,"星期二",4,7,27.68,119.98,3,3.1,"浙江泰顺","浙江省","温州市","泰顺县",0,0,0,0,0,0,0,0,0,0,0,0,0,0,0
"449",2014,11,"星期二",4,8,27.68,119.98,3,2.6,"浙江泰顺","浙江省","温州市","泰顺县",0,0,0,0,0,0,0,0,0,0,0,0,0,0,0
"450",2014,11,"星期二",4,13,27.68,119.99,1,2.1,"浙江泰顺","浙江省","温州市","泰顺县",0,0,0,0,0,0,0,0,0,0,0,0,0,0,0
"451",2014,11,"星期二",4,15,27.69,119.97,1,2.2,"浙江泰顺","浙江省","温州市","泰顺县",0,0,0,0,0,0,0,0,0,0,0,0,0,0,0
"452",2014,11,"星期二",4,16,27.68,119.98,2,2.2,"浙江泰顺","浙江省","温州市","泰顺县",0,0,0,0,0,0,0,0,0,0,0,0,0,0,0
"453",2014,11,"星期二",4,16,27.69,119.97,2,2,"浙江泰顺","浙江省","温州市","泰顺县",0,0,0,0,0,0,0,0,0,0,0,0,0,0,0
"454",2014,11,"星期二",4,16,27.7,119.97,2,3,"浙江泰顺","浙江省","温州市","文成县",0,0,0,0,0,0,0,0,0,0,0,0,0,0,0
"455",2014,11,"星期二",4,18,27.69,119.97,4,2.8,"浙江泰顺","浙江省","温州市","泰顺县",0,0,0,0,0,0,0,0,0,0,0,0,0,0,0
"456",2014,11,"星期二",4,18,27.68,119.98,3,2.5,"浙江泰顺","浙江省","温州市","泰顺县",0,0,0,0,0,0,0,0,0,0,0,0,0,0,0
"457",2014,11,"星期二",4,19,27.68,119.99,1,2.7,"浙江泰顺","浙江省","温州市","泰顺县",0,0,0,0,0,0,0,0,0,0,0,0,0,0,0
"458",2014,11,"星期三",5,1,27.69,119.96,5,2,"浙江文成","浙江省","温州市","文成县",0,0,0,0,0,0,0,0,0,0,0,0,0,0,0
"459",2014,11,"星期三",5,6,27.69,119.97,5,2.6,"浙江泰顺","浙江省","温州市","泰顺县",0,0,0,0,0,0,0,0,0,0,0,0,0,0,0
"460",2014,11,"星期六",8,3,27.7,119.97,4,2.7,"浙江泰顺","浙江省","温州市","文成县",0,0,0,0,0,0,0,0,0,0,0,0,0,0,0
"461",2014,11,"星期日",9,16,27.7,119.97,2,2.1,"浙江泰顺","浙江省","温州市","文成县",0,0,0,0,0,0,0,0,0,0,0,0,0,0,0
"462",2014,11,"星期六",15,7,27.69,119.96,5,2,"浙江文成","浙江省","温州市","文成县",0,0,0,0,0,0,0,0,0,0,0,0,0,0,0
"463",2014,11,"星期三",19,16,27.7,119.97,5,2.5,"浙江泰顺","浙江省","温州市","文成县",0,0,0,0,0,0,0,0,0,0,0,0,0,0,0
"464",2014,11,"星期三",19,17,27.68,119.98,3,2.9,"浙江泰顺","浙江省","温州市","泰顺县",0,0,0,0,0,0,0,0,0,0,0,0,0,0,0
"465",2014,11,"星期三",19,17,27.68,119.98,2,2.4,"浙江泰顺","浙江省","温州市","泰顺县",0,0,0,0,0,0,0,0,0,0,0,0,0,0,0
"466",2014,11,"星期一",24,2,27.7,119.95,6,3,"浙江文成","浙江省","温州市","文成县",0,0,0,0,0,0,0,0,0,0,0,0,0,1,0
"467",2014,12,"星期三",10,18,27.7,119.96,4,2,"浙江文成","浙江省","温州市","文成县",0,0,0,0,0,0,0,0,0,0,0,0,0,0,0
"468",2014,12,"星期日",14,14,27.68,119.99,7,2,"浙江泰顺","浙江省","温州市","泰顺县",0,0,0,0,0,0,0,0,0,0,0,0,0,0,0
"469",2014,12,"星期四",18,2,27.72,119.92,4,2.3,"浙江文成","浙江省","温州市","文成县",0,0,0,0,0,0,0,0,0,0,0,0,0,1,0
"470",2015,1,"星期四",1,12,27.69,119.98,2,2,"浙江泰顺","浙江省","温州市","泰顺县",0,0,0,0,0,0,0,0,0,0,0,0,0,0,0
"471",2015,1,"星期六",3,2,27.69,119.97,2,2.5,"浙江泰顺","浙江省","温州市","泰顺县",0,0,0,0,0,0,0,0,0,0,0,0,0,0,0
"472",2015,1,"星期三",7,23,27.73,119.92,5,2,"浙江文成","浙江省","温州市","文成县",0,0,0,0,0,0,0,0,0,0,0,0,0,1,0
"473",2015,1,"星期一",12,13,27.72,119.93,5,2.1,"浙江文成","浙江省","温州市","文成县",0,0,0,0,0,0,0,0,0,0,0,0,0,1,0
"474",2015,2,"星期六",7,4,27.7,119.97,2,2.7,"浙江泰顺","浙江省","温州市","文成县",0,0,0,0,0,0,0,0,0,0,0,0,0,0,0
"475",2015,3,"星期二",17,18,27.69,119.98,2,2.5,"浙江泰顺","浙江省","温州市","泰顺县",0,0,0,0,0,0,0,0,0,0,0,0,0,0,0
"476",2015,3,"星期一",23,3,27.69,119.96,3,2.4,"浙江文成","浙江省","温州市","文成县",0,0,0,0,0,0,0,0,0,0,0,0,0,0,0
"477",2015,3,"星期一",23,10,27.69,119.96,2,2.1,"浙江泰顺","浙江省","温州市","文成县",0,0,0,0,0,0,0,0,0,0,0,0,0,0,0
"478",2015,4,"星期三",22,13,27.72,119.93,5,3.4,"浙江文成","浙江省","温州市","文成县",0,0,0,0,0,0,0,0,0,0,0,0,0,1,0
"479",2015,4,"星期一",27,1,27.72,119.92,6,2.1,"浙江文成","浙江省","温州市","文成县",0,0,0,0,0,0,0,0,0,0,0,0,0,1,0
"480",2015,4,"星期二",28,19,27.72,119.93,5,2,"浙江文成","浙江省","温州市","文成县",0,0,0,0,0,0,0,0,0,0,0,0,0,1,0
"481",2015,4,"星期三",29,1,27.72,119.93,5,2.1,"浙江文成","浙江省","温州市","文成县",0,0,0,0,0,0,0,0,0,0,0,0,0,1,0
"482",2015,5,"星期六",2,0,27.68,119.99,5,2.1,"浙江文成","浙江省","温州市","泰顺县",0,0,0,0,0,0,0,0,0,0,0,0,0,0,0
"483",2015,5,"星期六",2,0,27.68,119.99,5,2.3,"浙江文成","浙江省","温州市","泰顺县",0,0,0,0,0,0,0,0,0,0,0,0,0,0,0
"484",2015,6,"星期日",14,7,27.68,119.99,2,2.3,"浙江泰顺","浙江省","温州市","泰顺县",0,0,0,0,0,0,0,0,0,0,0,0,0,0,0
"485",2015,8,"星期六",22,22,27.72,119.93,4,2.5,"浙江文成","浙江省","温州市","文成县",0,0,0,0,0,0,0,0,0,0,0,0,0,1,0
"486",2015,10,"星期日",11,20,29.65,120.82,10,2.7,"浙江嵊州","浙江省","绍兴市","嵊州市",0,0,1,1,0,0,0,4,0,1,0,0,3,9,0
"487",2016,1,"星期二",19,18,27.68,119.98,6,2.7,"浙江泰顺","浙江省","温州市","泰顺县",0,0,0,0,0,0,0,0,0,0,0,0,0,0,0
"488",2016,1,"星期二",19,20,27.68,119.98,6,2.8,"浙江泰顺","浙江省","温州市","泰顺县",0,0,0,0,0,0,0,0,0,0,0,0,0,0,0
"489",2016,2,"星期五",12,3,27.66,120,2,2.1,"浙江文成","浙江省","温州市","文成县",0,0,0,0,0,0,0,0,0,0,0,0,2,0,0
"490",2016,5,"星期二",31,3,27.68,119.984,2,2.6,"浙江泰顺","浙江省","温州市","泰顺县",0,0,0,0,0,0,0,0,0,0,0,0,0,0,0
"491",2016,5,"星期二",31,4,27.679,119.985,2,3.9,"浙江泰顺","浙江省","温州市","泰顺县",0,0,0,0,0,0,0,0,0,0,0,0,0,0,0
"492",2016,5,"星期二",31,10,27.683,119.982,2,2.3,"浙江泰顺","浙江省","温州市","泰顺县",0,0,0,0,0,0,0,0,0,0,0,0,0,0,0
"493",2016,6,"星期二",14,6,27.641,119.171,4,2.5,"浙江庆元","浙江省","丽水市","庆元县",0,0,0,0,0,0,0,0,0,0,0,0,0,0,0
"494",2016,7,"星期三",6,20,31.105,119.66,NA,2.6,"浙江长兴","浙江省","湖州市","长兴县",0,0,0,0,0,0,0,0,0,0,0,0,0,0,0
"495",2016,7,"星期四",7,18,31.102,119.69,8,2.6,"浙江长兴","浙江省","湖州市","长兴县",0,0,0,1,0,0,0,0,0,0,0,0,1,0,0
"496",2016,9,"星期一",19,23,30.935,119.993,NA,2,"浙江长兴","浙江省","湖州市","长兴县",2,2,0,0,1,0,0,1,0,1,0,0,2,3,0
"497",2016,12,"星期四",22,6,30.861,119.982,5,2.1,"浙江吴兴","浙江省","湖州市","吴兴区",2,2,1,0,1,0,0,0,0,0,0,0,0,1,0
"498",2017,1,"星期五",13,9,29.088,120.688,12,2.3,"浙江磐安","浙江省","金华市","磐安县",0,0,0,0,0,0,0,0,0,0,0,0,0,0,0
"499",2017,2,"星期日",12,8,29.092,120.683,9,2.3,"浙江磐安","浙江省","金华市","磐安县",0,0,0,0,0,0,0,0,0,0,0,0,0,0,0
"500",2017,2,"星期一",13,1,29.091,120.682,5,4,"浙江磐安","浙江省","金华市","磐安县",0,0,0,0,0,0,0,0,0,0,0,0,0,0,0
"501",2017,2,"星期一",13,2,29.095,120.68,8,2.3,"浙江磐安","浙江省","金华市","磐安县",0,0,0,0,0,0,0,0,0,0,0,0,0,0,0
"502",2017,2,"星期一",13,2,29.096,120.685,8,3,"浙江磐安","浙江省","金华市","磐安县",0,0,0,0,0,0,0,0,0,0,0,0,0,0,0
"503",2017,2,"星期一",13,3,29.095,120.683,9,2.7,"浙江磐安","浙江省","金华市","磐安县",0,0,0,0,0,0,0,0,0,0,0,0,0,0,0
"504",2017,2,"星期四",23,17,29.091,120.681,4,2.2,"浙江磐安","浙江省","金华市","磐安县",0,0,0,0,0,0,0,0,0,0,0,0,0,0,0
"505",2017,3,"星期二",14,7,29.096,120.683,2,3.3,"浙江磐安","浙江省","金华市","磐安县",0,0,0,0,0,0,0,0,0,0,0,0,0,0,0
"506",2017,3,"星期四",16,6,29.088,120.683,1,2.5,"浙江磐安","浙江省","金华市","磐安县",0,0,0,0,0,0,0,0,0,0,0,0,0,0,0
"507",2017,3,"星期二",21,6,29.095,120.689,5,2,"浙江磐安","浙江省","金华市","磐安县",0,0,0,0,0,0,0,0,0,0,0,0,0,0,0
"508",2017,4,"星期一",3,8,29.383,121.034,1,2.3,"浙江新昌","浙江省","绍兴市","新昌县",1,1,0,0,0,0,0,0,0,0,0,0,0,0,0
"509",2017,4,"星期三",12,2,30.1,119.35,10,4.6,"浙江临安","浙江省","杭州市","临安市",0,0,0,0,0,0,0,0,0,0,0,0,1,0,0
"510",2017,6,"星期二",6,12,30.167,119.26,14,2,"浙江临安","浙江省","杭州市","临安市",0,0,0,0,0,1,0,2,0,0,0,0,0,0,0
"511",2017,8,"星期四",3,7,29.098,120.693,2,2,"浙江磐安","浙江省","金华市","磐安县",0,0,0,0,0,0,0,0,0,0,0,0,0,0,0
"512",2017,8,"星期六",26,6,29.09,120.689,10,2.3,"浙江磐安","浙江省","金华市","磐安县",0,0,0,0,0,0,0,0,0,0,0,0,0,0,0
